Timestamp,Username,Disclaimer, Age Group,DISC overall,text
2022/07/25 12:49:43 PM GMT+8,Jonathan.singapore@gmail.com,I agree,50 and above,a,"Her reviews mostly positive.  Not credible, someone script for her?"
2022/07/26 4:14:14 PM GMT+8,dale_sg@hotmail.com,I agree,40 to 49,b,the macro mode and video of the nee iPhone13 is really cool. I am really impressed. Love the music and the video is very well edited. very well made
2022/07/26 4:42:30 PM GMT+8,mattsgd@gmail.com,I agree,30 to 39,c,I feel that she is overselling the iphone as she exaggerates on the plus points of the phone. She didn't mention about the cons of the phone. Could be she is paid or sponsored by Apple. Nevertheless it is still an informative and entertaining video about the phone
2022/07/26 4:43:59 PM GMT+8,alwintanj@gmail.com,I agree,30 to 39,a,"Love the in-depth dive into the cameras for the phones, definitely a nice upgrade. "
2022/07/26 5:27:08 PM GMT+8,jaredloh@gmail.com,I agree,50 and above,a,Focused on the camera. I believe there are phones with better cameras. I'm not a fan of apple
2022/07/26 5:41:10 PM GMT+8,flutegrin@gmail.com,I agree,30 to 39,d,"Interesting, fun to watch, and insightful, but very long"
2022/07/26 6:00:21 PM GMT+8,eunicewxy@gmail.com,I agree,30 to 39,c,Wow!!! Iphone 13 Pro Max features are super upgrade! Thank you for the detailed review!
2022/07/26 6:11:34 PM GMT+8,wong.edwinyw@gmail.com,I agree,30 to 39,b,Great shots. 
2022/07/26 6:25:45 PM GMT+8,wiseking80@gmail.com,I agree,40 to 49,c,Don’t exaggerate 
2022/07/26 6:32:18 PM GMT+8,joline.thl@gmail.com,I agree,20 to 29,d,Succinctly describes the main differences between iPhone 12 Pro Max and iPhone 13 pro max as well as differences between the 13pro and 13. Points out special features of the phone. Video shot in an interesting and stylish manner.
2022/07/26 6:38:20 PM GMT+8,stephng.jean@gmail.com,I agree,40 to 49,d,"Very clear and down to earth review of the phone, scenarios of how a normal users would use the phone are much appreciated "
2022/07/26 6:42:00 PM GMT+8,realbigbear@gmail.com,I agree,50 and above,b,Not convinced. 
2022/07/26 6:46:01 PM GMT+8,ed2000mk@gmail.com,I agree,20 to 29,b,"Interesting! She shows the different photo modes for the iphone which i didnt know was possible, this allows me to take more photos i like in a different way!"
2022/07/26 6:53:01 PM GMT+8,enewsletter@outlook.sg,I agree,30 to 39,a,Cinematic is helpful feature to take video and photo quality is vivid.
2022/07/26 6:53:06 PM GMT+8,jianminseah1987@outlook.com,I agree,30 to 39,d,Creative and content is good 
2022/07/26 6:56:34 PM GMT+8,darryltan.5487@gmail.com,I agree,30 to 39,d,Doesn't matter to me because I just don't think it's practical to spend the money on a phone.
2022/07/26 6:59:37 PM GMT+8,amsiewong@gmail.com,I agree,30 to 39,c,Really enjoyed the tour around! I had fun 'hanging out' with you while you reviewed the phone :)
2022/07/26 7:03:54 PM GMT+8,historymaker@me.com,I agree,40 to 49,c,Great content on the macro and cinematic modes!
2022/07/26 7:14:40 PM GMT+8,jeremiah.maximus@gmail.com,I agree,30 to 39,b,I really enjoyed the video! The quality of the iphone 13 pro max camera is amazing!
2022/07/26 7:28:19 PM GMT+8,xyz@gmail.com,I agree,20 to 29,b,Nil
2022/07/26 7:40:16 PM GMT+8,jureeporn.phu@gmail.com,I agree,30 to 39,d,"As an iPhone user who love taking photo but never thought of getting a pro max model because i always think it is unnecessary, your video makes me want to get one. The photo and video taken by 13 pro max are really nice! Love the way you do review and compare to another model, and love the fun and your energy too!"
2022/07/26 7:56:50 PM GMT+8,estherthanos@icloud.com,I agree,30 to 39,c,Very informative and upbeat
2022/07/26 8:01:10 PM GMT+8,jbng2@hotmail.com,I agree,30 to 39,c,in depth explanation of details on the phone 
2022/07/26 8:39:22 PM GMT+8,ting.pangngee@gmail.com,I agree,30 to 39,b,.
2022/07/26 8:50:55 PM GMT+8,firecolzy@gmail.com,I agree,40 to 49,b,Lengthy but good comparisons.
2022/07/26 9:19:29 PM GMT+8,janeylingsm.jl@gmail.com,I agree,50 and above,c,Advertising 
2022/07/26 9:27:08 PM GMT+8,leewlfiona@gmail.com,I agree,30 to 39,b,She’s doing a review for iPhone 13 pro for those that don’t know the functions of it. 
2022/07/26 9:28:31 PM GMT+8,stevenseah_cms@yahoo.com.sg,I agree,40 to 49,c,iPhone 13 pro rocks!
2022/07/26 9:28:55 PM GMT+8,mandywongbiqi@gmail.com,I agree,20 to 29,a,The video is well taken.
2022/07/26 10:05:09 PM GMT+8,limlaural@hotmail.com,I agree,40 to 49,a,Not bad. Straight to the point. 
2022/07/26 10:34:27 PM GMT+8,andrew.yeo.mc@gmail.com,I agree,40 to 49,d,"Overtly dramatic girl,  tone down on the dramatised expressions.  But overall, great cinematography and the music is sweet."
2022/07/26 10:56:00 PM GMT+8,skyeukeed@hotmail.com,I agree,30 to 39,d,A lot of practical applications of the phones features. She used it in many street and urban areas to demonstrate it. She was also engaging and knowledgeable of what she was doing. 
2022/07/26 11:06:57 PM GMT+8,xhlengx@gmail.com,I agree,30 to 39,a,Amazing review on the cameras. The front camera seems really good!
2022/07/26 11:56:12 PM GMT+8,suzkoh15@hotmail.com,I agree,30 to 39,d,Great editing!
2022/07/27 12:49:29 AM GMT+8,y0ngchang@hotmail.com,I agree,20 to 29,a,Long-winded.
2022/07/27 7:55:57 AM GMT+8,darrenlim84@gmail.com,I agree,30 to 39,c,None
2022/07/27 9:46:06 AM GMT+8,joce.sieys@gmail.com,I agree,30 to 39,b,informative but the repetitiveness and focus on the camera made me skip through till the end
2022/07/27 11:03:14 AM GMT+8,ivygntan@gmail.com,I agree,50 and above,d,Very fun yet detailed and comprehensive review with actual footages and comparisons of the latest iPhone13 Pro. Great job Justine
2022/07/27 11:09:24 AM GMT+8,chewlianhuat@yahoo.com,I agree,50 and above,d,Someone who was paid to promote iphone pro.
2022/07/27 11:34:36 AM GMT+8,alexwongck@gmail.com,I agree,40 to 49,d,The review is a fresh take on how reviews are done with real life examples.
2022/07/27 11:53:00 AM GMT+8,wong.shaz@gmail.com,I agree,30 to 39,b,Good knowledge on the different features  between the two phones and different comparison. A summary of both phones at the end would be helpful. 
2022/07/27 12:08:02 PM GMT+8,cheariot@gmail.com,I agree,40 to 49,a,"Good feedback and review, based on daily tasks and possible usage."
2022/07/27 12:17:03 PM GMT+8,andrewqchen@gmail.com,I agree,40 to 49,d,Great review!
2022/07/27 1:53:49 PM GMT+8,wong_jean@hotmail.com,I agree,40 to 49,b,Amazing!  Thank you for sharing the amazing technology in the new iPhone13 Pro
2022/07/27 4:18:51 PM GMT+8,loongmo@hotmail.com,I agree,50 and above,a,Pretty good but way too long.